snr_db,ber
-8,0.24765
-7.5,0.17483
-7,0.11333
-6.5,0.06508
-6,0.02882
-5.5,0.01478
-5,0.00519
-4.5,0.00168
-4,0.00028
-3.5,0.0001
-3,0.00017
-2.5,0
-2,0
-1.5,0
-1,0
-0.5,0
0,0
0.5,0
1,0
1.5,0
2,0
2.5,0
3,0
3.5,0
4,0
4.5,0
5,0
5.5,0
6,0
