snr_db,ber
-2,0.012661
-1.5,0.0087907
-1,0.0062805
-0.5,0.00398032
0,0.00203016
0.5,0.00143011
1,0.000600048
1.5,0.000400032
2,0.000160013
2.5,9.00072e-05
3,1.00008e-05
3.5,2.00016e-05
4,0
4.5,0
5,0
5.5,0
6,0
6.5,0
7,0
7.5,0
8,0
8.5,0
9,0
9.5,0
10,0
