snr_db,ber
-2,0.0107086
-1.5,0.00890713
-1,0.00610488
-0.5,0.0035028
0,0.002502
0.5,0.00120096
1,0.00070056
1.5,0.0005004
2,0.00010008
2.5,0.00010008
3,0.00010008
3.5,0.00010008
4,0
4.5,0
5,0
5.5,0
6,0
6.5,0
7,0
7.5,0
8,0
8.5,0
9,0
9.5,0
10,0
10.5,0
11,0
11.5,0
12,0
12.5,0
13,0
13.5,0
14,0
