snr_db,ber
-8,0.04011
-7.5,0.01321
-7,0.00502
-6.5,0.00157
-6,0.00029
-5.5,0.00021
-5,0.00015
-4.5,0
-4,0
-3.5,0
-3,0
-2.5,0
-2,0
-1.5,0
-1,0
-0.5,0
0,0
0.5,0
1,0
1.5,0
2,0
2.5,0
3,0
3.5,0
4,0
4.5,0
5,0
5.5,0
6,0
