snr_db,ber
-8,0.01986
-7.5,0.00884
-7,0.00285
-6.5,0.00152
-6,0.00041
-5.5,0.00014
-5,0
-4.5,0
-4,0
-3.5,0
-3,0
-2.5,0
-2,0
-1.5,0
-1,0
-0.5,0
0,0
0.5,0
1,0
1.5,0
2,0
2.5,0
3,0
3.5,0
4,0
4.5,0
5,0
5.5,0
6,0
