snr_db,ber
-8,0.24365
-7.5,0.18319
-7,0.10732
-6.5,0.05874
-6,0.03215
-5.5,0.01299
-5,0.00531
-4.5,0.00178
-4,0.00092
-3.5,4e-05
-3,0
-2.5,0
-2,0
-1.5,0
-1,0
-0.5,0
0,0
0.5,0
1,0
1.5,0
2,0
2.5,0
3,0
3.5,0
4,0
4.5,0
5,0
5.5,0
6,0
