snr_db,ber
-8,0.03819
-7.5,0.016
-7,0.00416
-6.5,0.00088
-6,0.00026
-5.5,2e-05
-5,0
-4.5,0
-4,0
-3.5,0
-3,0
-2.5,0
-2,0
-1.5,0
-1,0
-0.5,0
0,0
0.5,0
1,0
1.5,0
2,0
2.5,0
3,0
3.5,0
4,0
4.5,0
5,0
5.5,0
6,0
