snr_db,ber
-8,0.25129
-7.5,0.173997
-7,0.112314
-6.5,0.0606924
-6,0.0296912
-5.5,0.0128205
-5,0.00559022
-4.5,0.00136005
-4,0.000430017
-3.5,0.000210008
-3,3.00012e-05
-2.5,0
-2,0
-1.5,0
-1,0
-0.5,0
0,0
0.5,0
1,0
1.5,0
2,0
2.5,0
3,0
3.5,0
4,0
4.5,0
5,0
5.5,0
6,0
