snr_db,ber
-2,0.0139111
-1.5,0.00800641
-1,0.00810649
-0.5,0.00370296
0,0.00240192
0.5,0.000900721
1,0.000900721
1.5,0.00040032
2,0.00010008
2.5,0.00020016
3,0
3.5,0
4,0
4.5,0
5,0
5.5,0
6,0
6.5,0
7,0
7.5,0
8,0
8.5,0
9,0
9.5,0
10,0
10.5,0
11,0
11.5,0
12,0
12.5,0
13,0
13.5,0
14,0
