snr_db,ber
-2,0.012331
-1.5,0.00849068
-1,0.0062705
-0.5,0.0037103
0,0.00223018
0.5,0.00118009
1,0.000740059
1.5,0.000310025
2,0.000150012
2.5,5.0004e-05
3,3.00024e-05
3.5,0
4,1.00008e-05
4.5,0
5,0
5.5,0
6,0
6.5,0
7,0
7.5,0
8,0
8.5,0
9,0
9.5,0
10,0
