snr_db,ber
-8,0.01846
-7.5,0.00731
-7,0.00376
-6.5,0.00188
-6,0.00029
-5.5,7e-05
-5,1e-05
-4.5,0
-4,0
-3.5,0
-3,0
-2.5,0
-2,0
-1.5,0
-1,0
-0.5,0
0,0
0.5,0
1,0
1.5,0
2,0
2.5,0
3,0
3.5,0
4,0
4.5,0
5,0
5.5,0
6,0
