snr_db,ber
-2,0.0118609
-1.5,0.00787063
-1,0.00563045
-0.5,0.00361029
0,0.00206016
0.5,0.0012601
1,0.000700056
1.5,0.000290023
2,0.000220018
2.5,2.00016e-05
3,2.00016e-05
3.5,0
4,1.00008e-05
4.5,0
5,0
5.5,0
6,0
6.5,0
7,0
7.5,0
8,0
8.5,0
9,0
9.5,0
10,0
