snr_db,ber
-4,0.494236
-3.5,0.476945
-3,0.528818
-2.5,0.5
-2,0.462536
-1.5,0.478386
-1,0.481268
-0.5,0.489914
0,0.456772
0.5,0.463977
1,0.485591
1.5,0.410663
2,0.302594
2.5,0.198847
3,0.119597
3.5,0.0576369
4,0.0979827
4.5,0.103746
5,0.0403458
5.5,0
6,0.00432277
6.5,0
7,0
7.5,0.0115274
8,0
8.5,0
9,0
9.5,0
10,0
10.5,0
11,0
11.5,0
12,0
12.5,0
13,0
13.5,0
14,0
