snr_db,ber
-4,0.528818
-3.5,0.505764
-3,0.541787
-2.5,0.482709
-2,0.458213
-1.5,0.508646
-1,0.491354
-0.5,0.474063
0,0.416427
0.5,0.39049
1,0.476945
1.5,0.391931
2,0.311239
2.5,0.268012
3,0.0533141
3.5,0.10951
4,0.0576369
4.5,0.0475504
5,0
5.5,0
6,0
6.5,0
7,0
7.5,0
8,0
8.5,0
9,0
9.5,0
10,0
10.5,0
11,0
11.5,0
12,0
12.5,0
13,0
13.5,0
14,0
