snr_db,ber
-4,0.512968
-3.5,0.462536
-3,0.504323
-2.5,0.474063
-2,0.476945
-1.5,0.533141
-1,0.541787
-0.5,0.489914
0,0.48415
0.5,0.407781
1,0.489914
1.5,0.489914
2,0.397695
2.5,0.39049
3,0.206052
3.5,0.158501
4,0.161383
4.5,0.00576369
5,0.0201729
5.5,0
6,0.00432277
6.5,0
7,0
7.5,0
8,0
8.5,0
9,0
9.5,0
10,0
10.5,0
11,0
11.5,0
12,0
12.5,0
13,0
13.5,0
14,0
