snr_db,ber
-4,0.514409
-3.5,0.495677
-3,0.498559
-2.5,0.512968
-2,0.508646
-1.5,0.507205
-1,0.523055
-0.5,0.45245
0,0.436599
0.5,0.386167
1,0.423631
1.5,0.321326
2,0.327089
2.5,0.416427
3,0.270893
3.5,0.190202
4,0.073487
4.5,0.154179
5,0.018732
5.5,0.0144092
6,0
6.5,0
7,0
7.5,0
8,0
8.5,0
9,0
9.5,0
10,0
10.5,0
11,0
11.5,0
12,0
12.5,0
13,0
13.5,0
14,0
