snr_db,ber
-2,0.188202
-1.5,0.173656
-1,0.163323
-0.5,0.154494
0,0.141553
0.5,0.134029
1,0.113162
1.5,0.107243
2,0.0980136
2.5,0.092496
3,0.0801565
3.5,0.0677167
4,0.0591894
4.5,0.0501605
5,0.0405297
5.5,0.0351124
6,0.0272873
6.5,0.0207665
7,0.0200642
7.5,0.0127408
8,0.0103331
8.5,0.00732344
9,0.00491573
9.5,0.00341091
10,0.00120385
10.5,0.000601926
11,0.000802568
11.5,0.000200642
12,0.000200642
12.5,0.000100321
13,0
13.5,0.000100321
14,0
