snr_db,ber
-2,0.189707
-1.5,0.179675
-1,0.166734
-0.5,0.150281
0,0.138042
0.5,0.128812
1,0.124799
1.5,0.108146
2,0.0962079
2.5,0.0859751
3,0.0805578
3.5,0.0622994
4,0.0574839
4.5,0.048756
5,0.0428371
5.5,0.032203
6,0.029996
6.5,0.0219703
7,0.015951
7.5,0.0113363
8,0.00922953
8.5,0.00591894
9,0.00471509
9.5,0.00331059
10,0.00150482
10.5,0.00110353
11,0.000501605
11.5,0.000501605
12,0
12.5,0.000100321
13,0.000100321
13.5,0.000100321
14,0
