snr_db,ber
-2,0.189205
-1.5,0.178973
-1,0.166232
-0.5,0.153291
0,0.142556
0.5,0.127408
1,0.119181
1.5,0.104434
2,0.103732
2.5,0.0879815
3,0.0725321
3.5,0.0670144
4,0.0605939
4.5,0.051866
5,0.0410313
5.5,0.0389246
6,0.0261838
6.5,0.0220706
7,0.0146469
7.5,0.0123395
8,0.0102327
8.5,0.00601926
9,0.00351124
9.5,0.0024077
10,0.00150482
10.5,0.00120385
11,0.000702247
11.5,0.000501605
12,0
12.5,0.000100321
13,0
13.5,0
14,0
