snr_db,ber
-2,0.281495
-1.5,0.280892
-1,0.260498
-0.5,0.254571
0,0.244726
0.5,0.233072
1,0.220012
1.5,0.202833
2,0.197006
2.5,0.184649
3,0.173699
3.5,0.162447
4,0.154511
4.5,0.148383
5,0.133112
5.5,0.125678
6,0.110609
6.5,0.106289
7,0.102974
7.5,0.0904159
8,0.075648
8.5,0.0727346
9,0.0612819
9.5,0.0551537
10,0.0459112
10.5,0.0440024
11,0.0388788
11.5,0.0318465
12,0.0274262
12.5,0.0201929
13,0.015873
13.5,0.0116536
14,0.00914205
