snr_db,ber
-2,0.283806
-1.5,0.271348
-1,0.255274
-0.5,0.253365
0,0.24342
0.5,0.224633
1,0.214688
1.5,0.207153
2,0.196403
2.5,0.18254
3,0.174804
3.5,0.165763
4,0.149387
4.5,0.138939
5,0.133615
5.5,0.128391
6,0.113321
6.5,0.105787
7,0.099357
7.5,0.0879044
8,0.0801688
8.5,0.073036
9,0.0654008
9.5,0.059574
10,0.0499297
10.5,0.046514
11,0.0382761
11.5,0.0309423
12,0.0245128
12.5,0.0236086
13,0.0168776
13.5,0.0117541
14,0.00944344
