snr_db,ber
-2,0.280189
-1.5,0.28049
-1,0.261302
-0.5,0.242516
0,0.241511
0.5,0.224533
1,0.218907
1.5,0.212377
2,0.198513
2.5,0.177818
3,0.169178
3.5,0.163854
4,0.153506
4.5,0.146574
5,0.133514
5.5,0.123066
6,0.116737
6.5,0.107595
7,0.0951376
7.5,0.0855937
8,0.0828813
8.5,0.0751457
9,0.0645971
9.5,0.0616837
10,0.0470163
10.5,0.0418927
11,0.0382761
11.5,0.0290336
12,0.0248141
12.5,0.0189873
13,0.0140647
13.5,0.0118545
14,0.00863974
