snr_db,ber
-2,0.054387
-1.5,0.047476
-1,0.0359575
-0.5,0.0301482
0,0.0244391
0.5,0.020633
1,0.0121194
1.5,0.0104167
2,0.00430689
2.5,0.00420673
3,0.00180288
3.5,0.0015024
4,0.000500801
4.5,0.000400641
5,0.000200321
5.5,0
6,0
6.5,0.00010016
7,0
7.5,0
8,0
8.5,0
9,0
9.5,0
10,0
10.5,0
11,0
11.5,0
12,0
12.5,0
13,0
13.5,0
14,0
