snr_db,ber
-2,0.0582933
-1.5,0.0464744
-1,0.0363582
-0.5,0.0271434
0,0.0241386
0.5,0.0172276
1,0.0116186
1.5,0.00811298
2,0.00811298
2.5,0.00220353
3,0.00200321
3.5,0.00110176
4,0.000801282
4.5,0.000300481
5,0
5.5,0.00010016
6,0.00010016
6.5,0
7,0
7.5,0
8,0
8.5,0
9,0
9.5,0
10,0
10.5,0
11,0
11.5,0
12,0
12.5,0
13,0
13.5,0
14,0
