snr_db,ber
-2,0.0555889
-1.5,0.0451723
-1,0.0396635
-0.5,0.0297476
0,0.0227364
0.5,0.017528
1,0.0120192
1.5,0.00871394
2,0.00530849
2.5,0.00360577
3,0.00230369
3.5,0.0015024
4,0.000200321
4.5,0.000701122
5,0
5.5,0.000200321
6,0.00010016
6.5,0
7,0
7.5,0
8,0
8.5,0
9,0
9.5,0
10,0
10.5,0
11,0
11.5,0
12,0
12.5,0
13,0
13.5,0
14,0
